{
  "262宜蘭縣礁溪鄉仁愛路": [
    24.8285094,
    121.771073
  ],
  "262宜蘭縣礁溪鄉德陽路": [
    24.8271153,
    121.7736343
  ],
  "262宜蘭縣礁溪鄉礁溪路五段": [
    24.824846,
    121.771065
  ],
  "260宜蘭縣宜蘭市神農路二段": [
    24.744545,
    121.75576
  ],
  "265宜蘭縣羅東鎮公正路": [
    24.677862,
    121.7727908
  ],
  "270宜蘭縣蘇澳鎮蘇南里蘇南路": [
    24.4619085,
    121.7906651
  ],
  "270宜蘭縣蘇澳鎮蘇南路": [
    24.4619085,
    121.7906651
  ],
  "262宜蘭縣礁溪鄉中山路二段": [
    24.8284033,
    121.7758658
  ],
  "265宜蘭縣羅東鎮中正北路": [
    24.67859,
    121.771805
  ],
  "267宜蘭縣大同鄉太平村太平巷": [
    24.4011779,
    121.3691251
  ],
  "261宜蘭縣頭城鎮更新路": [
    24.9383088,
    121.8460564
  ],
  "265宜蘭縣羅東鎮中正路": [
    24.679907,
    121.77185
  ],
  "260宜蘭縣宜蘭市崇聖街": [
    24.7463786,
    121.7863388
  ],
  "265宜蘭縣羅東鎮天津路": [
    24.6781485,
    121.7691928
  ],
  "260宜蘭縣宜蘭市中山路五段": [
    24.7704669,
    121.7566869
  ],
  "260宜蘭縣宜蘭市光復路": [
    24.7554551,
    121.7552358
  ],
  "262宜蘭縣礁溪鄉礁溪鄉德陽路": [
    24.8271153,
    121.7736343
  ],
  "262宜蘭縣礁溪鄉大忠路": [
    24.8285094,
    121.771073
  ],
  "262宜蘭縣礁溪鄉德陽村仁愛路": [
    24.8285094,
    121.771073
  ],
  "260宜蘭縣宜蘭市校舍路": [
    24.7506986,
    121.7582785
  ],
  "262宜蘭縣礁溪鄉礁溪鄉礁溪路七段": [
    24.8365634,
    121.7868214
  ],
  "262宜蘭縣礁溪鄉礁溪路一段": [
    24.8220024,
    121.7710493
  ],
  "262宜蘭縣礁溪鄉信義路": [
    24.8271153,
    121.7736343
  ],
  "267宜蘭縣大同鄉太平村泰雅路四段": [
    24.5745031,
    121.4778757
  ],
  "262宜蘭縣礁溪鄉德陽村德陽路": [
    24.8271153,
    121.7736343
  ],
  "262宜蘭縣礁溪鄉德陽村礁溪路五段": [
    24.824846,
    121.771065
  ],
  "262宜蘭縣礁溪鄉德陽村信義路": [
    24.8271153,
    121.7736343
  ],
  "262宜蘭縣礁溪鄉德陽村中山路二段": [
    24.8284033,
    121.7758658
  ],
  "260宜蘭縣宜蘭市新民路": [
    24.7548376,
    121.7556453
  ],
  "260宜蘭縣宜蘭市凱旋路": [
    24.7301541,
    121.765624
  ],
  "262宜蘭縣礁溪鄉中山路2段": [
    24.8284033,
    121.7758658
  ],
  "270宜蘭縣蘇澳鎮信義路": [
    24.6142989,
    121.8528506
  ],
  "267宜蘭縣大同鄉松羅村玉蘭": [
    24.6713015,
    121.6043479
  ],
  "269宜蘭縣冬山鄉群英村富英路": [
    24.6601864,
    121.7788871
  ],
  "264宜蘭縣員山鄉枕山村枕山路": [
    24.776995,
    121.7157492
  ],
  "272宜蘭縣南澳鄉南澳村蘇花路二段": [
    24.4656378,
    121.8011199
  ],
  "269宜蘭縣冬山鄉中山村中山路": [
    24.6682588,
    121.7720702
  ],
  "270宜蘭縣蘇澳鎮南強里南澳路": [
    24.4619085,
    121.7906651
  ],
  "269宜蘭縣冬山鄉東城村冬山路一段": [
    24.6231746,
    121.8043173
  ],
  "268宜蘭縣五結鄉協和村親河路一段": [
    24.6679104,
    121.8181989
  ]
}